catchment_id,rainfall_grid_cells,rainfall_spatial_coverage_fraction,mean_annual_rainfall_mm,mean_monsoon_rainfall_mm,mean_annual_max_daily_mm,mean_heavy_rain_days_50mm,mean_very_heavy_rain_days_100mm,mean_max_3day_rainfall_mm,rainfall_cv,rainfall_valid_days,rainfall_temporal_coverage_fraction
4080791290,5,1.0,1304.1417462109982,909.1011100336799,111.2735201229271,4.5,1.5,223.48883345345564,0.22854174385573317,2192,1.0
4080787460,4,0.9999999999999996,1569.3969793259112,1133.9728821630335,116.37068654999422,4.666666666666667,1.1666666666666667,208.25136407933482,0.1753546692549312,2192,1.0
4080783510,2,1.0,1818.0465180549688,1339.1436055578558,107.63547587584696,4.0,0.5,185.79125997544202,0.15305877235906973,2192,1.0
4080781070,8,0.9999999999999982,2349.6904321046245,1868.179952590341,84.63523995263981,7.0,0.16666666666666666,170.10397239805968,0.08749665403986082,2192,1.0
4080781160,3,0.9999999999999999,1300.9473741103272,847.0603505252179,117.27936681727262,4.0,0.6666666666666666,198.48954253905808,0.21763242594210197,2192,1.0
4080781060,4,0.9999999999999987,1517.8905600557885,1086.6829354724343,103.21264875703689,4.5,0.3333333333333333,170.9904011010432,0.14496772824770318,2192,1.0
4080778310,2,0.671866954162127,2559.139581789165,2050.5522435659823,111.34268195454236,10.666666666666666,0.5,206.62066826465056,0.13234066796973165,2192,1.0
4080775470,2,1.0,1429.5236123509378,1094.9667331929916,77.765892680628,2.5,0.16666666666666666,129.5030723531943,0.0905798217195465,2192,1.0
4080775270,1,1.0,1755.0775190439697,1386.6750038635607,88.83773549397786,4.333333333333333,0.16666666666666666,143.0576152006785,0.11117313938663041,2192,1.0
4080773280,8,0.9877962761297047,2566.0014032320028,2057.8605549436143,92.54686693455345,8.5,0.3333333333333333,183.93626750784372,0.06810197381019428,2192,1.0
4080770760,4,0.9999999999999991,1716.151126155536,1370.8192814496522,101.64174512775183,3.8333333333333335,0.3333333333333333,157.4045938774298,0.06275740790827797,2192,1.0
4080770600,5,1.0,2441.335719660494,1999.5467759361275,119.00408834181523,8.833333333333334,1.1666666666666667,195.79337409662048,0.14840216128973774,2192,1.0
4080767020,6,0.539440823546189,2663.8652914707454,2147.1325386064195,106.31672641879796,10.0,0.6666666666666666,203.675339895179,0.09761090825565581,2192,1.0
4080766840,6,0.9612782585812627,2610.266265403816,2099.0629017519072,96.37487347279578,9.333333333333334,0.5,191.83230509389742,0.07765114124387115,2192,1.0
4080814580,9,1.0,1547.6404699344891,1175.5061447783971,145.76243353752105,4.666666666666667,0.6666666666666666,226.39437779529553,0.12203767875478357,2192,1.0
4080804620,6,1.0,1764.2305844648833,1440.3965075165097,180.02873725697444,8.833333333333334,2.1666666666666665,278.6658950637896,0.1357926210709686,2192,1.0
4080804490,4,0.999999999999999,1410.2258315557376,1052.8211490042268,130.3471371403039,4.5,1.1666666666666667,233.85025124970113,0.19200822860644892,2192,1.0
4080808090,6,0.9999999999999997,1836.1827548996916,1403.7008409895682,180.36396231015053,7.0,1.3333333333333333,258.1428306721721,0.09018536032141491,2192,1.0
4080808820,8,0.9999999999999993,1518.2297932576723,1104.7639089356223,141.38724759951197,4.666666666666667,0.5,227.02985092797257,0.14777368561932788,2192,1.0
4080802310,7,1.0,878.0031220327083,663.7322547012324,64.6556388537096,1.8333333333333333,0.16666666666666666,115.62144372644549,0.1265983224704009,2192,1.0
4080789870,4,1.0,1886.2644287663773,1405.1440909927835,132.99174250287905,7.5,0.8333333333333334,233.5463355079941,0.1351149998441757,2192,1.0
4080789760,8,0.9999999999999992,1330.4469511176728,902.7869776462645,114.97081441122869,4.0,0.3333333333333333,197.85428465011003,0.16551967721878239,2192,1.0
4080788380,10,1.0,886.5130765416812,658.9995642849271,53.162413927874866,0.3333333333333333,0.16666666666666666,98.93307519823414,0.1505925052755602,2192,1.0
4080782560,9,1.0,1331.2180750934015,1062.895369741932,80.72416005641605,2.3333333333333335,0.16666666666666666,132.3382004102654,0.16369748949118362,2192,1.0
4080773750,4,1.0,1298.2034554011127,1038.9988498667005,82.5324249522164,4.0,0.3333333333333333,126.93855354669999,0.14417534864459391,2192,1.0
4080773550,5,0.9999999999999989,1384.9671783819613,1074.974738898693,77.99166204748006,3.5,0.16666666666666666,139.03457047212308,0.2392797877673212,2192,1.0
4080779840,4,0.9999999999999992,1189.0114089406839,851.5612693524339,74.06113402357538,1.6666666666666667,0.16666666666666666,130.3609375923855,0.11168965485287821,2192,1.0
4080779850,3,1.0,1159.211479702021,788.3868936100072,86.30848632016568,3.3333333333333335,0.3333333333333333,158.10305670104015,0.21409834663283395,2192,1.0
4080775260,6,1.0,1103.8235059956355,789.130757286721,63.92806010199882,0.5,0.16666666666666666,115.59970703393356,0.15274394669253724,2192,1.0
4080775570,4,1.0,1052.684156413034,733.6435745949963,75.41582747497613,1.1666666666666667,0.16666666666666666,132.57300964097257,0.0998137087621044,2192,1.0
4080764450,4,1.0,1430.9946202311448,1055.5623302304932,66.28470779593634,3.6666666666666665,0.0,126.05302496464844,0.21549970127113754,2192,1.0
4080764440,6,1.0,1654.4058510150892,1266.950352368384,77.30576043665091,2.6666666666666665,0.0,125.02593358287506,0.09944646226429556,2192,1.0
4080761600,4,0.9999999999999991,1080.8875624069558,781.8507203231478,70.40716462741783,1.6666666666666667,0.0,121.65471432055557,0.07925774213176297,2192,1.0
4080761090,3,1.0,1407.6290220890799,988.1528269554939,65.06048875845535,2.0,0.0,114.54539701682995,0.09244482593142757,2192,1.0
4080761100,2,1.0,1030.6015332641819,719.8522932421074,67.83239211427981,1.6666666666666667,0.0,115.5630827646739,0.07390927780814349,2192,1.0
4080763250,10,0.9999999999999998,1054.0821611703448,763.4494684350665,56.09917192904481,0.5,0.16666666666666666,97.88043349576047,0.1706938198363775,2192,1.0
4080763140,4,1.0,1017.9472823847992,716.9630144221774,59.908539985399365,1.3333333333333333,0.0,107.6133128666395,0.0604195487846878,2192,1.0
4080760950,2,1.0,984.0432836518115,652.1978073194897,65.70724515393671,1.8333333333333333,0.0,117.74235783188067,0.08437132191614287,2192,1.0
4080760960,5,1.0,1296.9846811537964,951.4025458995943,70.63354405363113,2.5,0.16666666666666666,115.93187442510275,0.16012296351421673,2192,1.0
4080753850,4,1.0,1089.5191993790575,740.3568010421482,58.65065446121745,1.6666666666666667,0.0,105.60300826187778,0.16101567229176558,2192,1.0
4080753860,10,0.9999999999999996,1512.1115582485847,1109.4597591140348,54.1970431137133,1.1666666666666667,0.0,105.5306777319383,0.05597130644916286,2192,1.0
4080750990,10,1.0,1356.8940475598633,937.5480221430207,50.16753096694152,0.6666666666666666,0.0,86.4855373845843,0.08589639525740933,2192,1.0
4080750840,2,1.0,1112.5416826727476,759.0692498261551,56.43786797415985,1.6666666666666667,0.0,102.004510476674,0.1675543560819169,2192,1.0
4080756710,4,1.0,1646.0607610746754,1269.4207620559102,93.44627230859646,4.333333333333333,0.5,155.1429590085879,0.19329063499658183,2192,1.0
4080756600,8,0.9999999999999993,1737.7985063395672,1311.1394453635178,67.73989120333826,2.5,0.3333333333333333,128.0567421689668,0.0938346927232441,2192,1.0
4080757540,9,0.9999999999999999,2092.127968816651,1682.8458596185053,99.33533155800983,5.666666666666667,0.3333333333333333,163.9450184371041,0.11093338035300292,2192,1.0
4080757300,8,1.0,1686.1751599500674,1267.4940126101515,73.345633217613,1.8333333333333333,0.3333333333333333,131.1593590561201,0.11396176672608192,2192,1.0
4080748120,7,0.9999999999999989,2090.4040618071267,1612.0419521946208,81.63621103484593,4.5,0.16666666666666666,147.45400662471653,0.17348442728273972,2192,1.0
4080748000,7,0.9999999999999994,1549.4301058778408,1096.9448298705004,66.6723947685772,1.1666666666666667,0.3333333333333333,120.84397813972446,0.13337175491680564,2192,1.0
4080733850,5,0.9999999999999991,1398.8899125243704,974.085235890839,54.647660551205384,1.0,0.0,94.90449946239289,0.08319543500102623,2192,1.0
4080733950,5,1.0,1576.5729324541537,1132.1623649548922,59.13684872462367,0.8333333333333334,0.16666666666666666,112.1500243655281,0.09583530672175394,2192,1.0
4080730560,5,1.0,1577.4446460902984,1130.0288151456766,60.90967007594116,0.8333333333333334,0.3333333333333333,115.95836831879781,0.11280720615310733,2192,1.0
4080730450,3,0.9672909690065602,1393.5504685057194,971.1750873389084,54.454901553737784,0.8333333333333334,0.0,96.01357150861911,0.09775400660593572,2192,1.0
4080744060,6,1.0,1667.2317478817802,1208.9744774829708,65.84680844196802,1.1666666666666667,0.3333333333333333,122.71181751887731,0.144280154359522,2192,1.0
4080744070,5,1.0,2232.701743752043,1733.5493384734327,84.9902132971189,5.666666666666667,0.16666666666666666,155.22991057671976,0.1422497610114202,2192,1.0
4080752220,2,1.0,1708.5029326143997,1418.8749581474692,128.97629962090238,7.5,1.1666666666666667,204.40466885665077,0.17412792695680143,2192,1.0
4080752230,2,0.9999999999999982,1824.8736760247605,1471.7426880140622,102.92452283739374,6.0,1.0,165.39188892297736,0.23732062537591583,2192,1.0
4080751750,4,0.9999999999999998,1880.5456656461956,1513.4370560201787,101.47028172026408,6.166666666666667,0.5,146.7807871175336,0.15834056548853098,2192,1.0
4080751530,2,0.9999999999999994,1883.8263577132795,1498.5251451771085,103.66272099812825,6.666666666666667,1.5,165.54650704065958,0.2822029729851045,2192,1.0
4080751460,14,0.9999999999999998,1312.3020256357304,875.3019541142556,66.63035177714515,1.5,0.3333333333333333,136.37421946610962,0.20257124594447085,2192,1.0
4080749670,10,1.0,1495.2598038669933,1060.1579478605518,59.92795692933067,1.8333333333333333,0.0,103.21905282630367,0.1041512365311186,2192,1.0
4080749550,8,0.9999999999999999,1243.2229345636988,818.6654648787635,64.9345369148357,1.6666666666666667,0.0,123.35434802804826,0.16068255972935158,2192,1.0
4080736390,7,1.0,1037.8056814926194,620.7828843057346,45.22601797817015,0.5,0.0,80.80226112698618,0.10570042730252681,2192,1.0
4080736160,9,0.9999999999999999,995.269001335812,565.6606441542758,57.47999355737985,0.8333333333333334,0.0,115.24101182483635,0.14355181116675866,2192,1.0
4080700890,8,0.9999999999999997,1299.7093492064294,957.047819442086,89.46771969918306,3.0,0.5,143.27347097356366,0.16359617094713763,2192,1.0
4080700790,7,1.0,1539.9814108464168,1086.194537844029,88.63049291894419,2.6666666666666665,0.6666666666666666,153.70705002181063,0.15834101254384145,2192,1.0
4080705470,2,1.0,1448.7742286596513,1083.8920026103194,113.53228218108177,5.333333333333333,1.1666666666666667,174.3236715427569,0.2244489382152528,2192,1.0
4080705290,8,1.0,2110.3045447298337,1592.7673961078433,133.66225014684474,7.5,1.3333333333333333,214.920123099689,0.12891713273572467,2192,1.0
4080705590,11,1.0,1637.6778351219061,1238.788252363363,95.59307060248092,3.8333333333333335,0.5,161.36291160098028,0.15631960004396062,2192,1.0
4080705480,5,0.9999999999999993,2105.0235158184482,1595.6830888687643,129.47668643008902,7.333333333333333,1.3333333333333333,222.49309334356857,0.1346973809950408,2192,1.0
4080726630,7,1.0,1144.714737340122,833.1516612526297,93.52487207373468,2.1666666666666665,0.5,150.86640072588148,0.2073417970656269,2192,1.0
4080726490,7,0.999999999999998,1382.9770060805188,1031.390792417876,100.06538081426807,2.8333333333333335,0.6666666666666666,164.97005433129058,0.1725737474963137,2192,1.0
4080685940,4,1.0,1414.0953017053355,896.9751674851769,82.51995762727307,2.1666666666666665,0.6666666666666666,140.9590800092855,0.23811942456734214,2192,1.0
4080685860,11,0.999999999999999,1218.9713469800392,658.2216386834392,59.39275760438975,0.8333333333333334,0.3333333333333333,116.93219343528075,0.1522287698299908,2192,1.0
4080687440,5,1.0,1145.989590326745,694.573833123382,67.1184232675846,1.6666666666666667,0.16666666666666666,103.25359618875491,0.15998776556278482,2192,1.0
4080687450,4,0.9999999999999976,966.8604486240082,530.7208876514434,61.4973821303355,0.8333333333333334,0.16666666666666666,99.20318357541056,0.15599644586827277,2192,1.0
4080707240,4,1.0,1797.96358112363,1263.0662851849208,102.51293297172579,5.0,1.0,172.14236016972123,0.1588940304179754,2192,1.0
4080707450,5,0.9999999999999997,1497.9770493776398,1063.3034100667944,91.07269858928554,3.5,0.6666666666666666,155.54938676695926,0.15534419004825978,2192,1.0
4080724980,5,0.9999999999999993,1397.2169845696196,1035.2391011388672,89.03189417835587,2.6666666666666665,0.6666666666666666,138.8162826475033,0.1670518452942538,2192,1.0
4080725310,5,0.9999999999999996,1315.7351462299976,873.411952893569,71.06606800544414,1.8333333333333333,0.5,133.19912763618314,0.17149986389792501,2192,1.0
4080725320,20,1.0,996.4742361469299,579.5910350551413,46.51221124370795,0.6666666666666666,0.0,94.55344624164968,0.14242678527669123,2192,1.0
4080689840,2,0.9999999999999996,1229.7668344505698,692.8530511044477,63.172752798209864,1.3333333333333333,0.0,106.27704240192018,0.13758265366031508,2192,1.0
4080689700,5,1.0,993.737637062435,503.440291601899,56.11696105467781,0.8333333333333334,0.0,102.86157489861439,0.13680112966633767,2192,1.0
4080692440,6,1.0,1543.257556622293,961.5213126902258,70.27665395641597,2.3333333333333335,0.16666666666666666,131.44801276272094,0.11227659506929831,2192,1.0
4080692490,3,0.9999999999999997,2145.626983769547,1585.30359302275,122.14372326320027,7.166666666666667,1.0,227.57473413833398,0.11410801788360736,2192,1.0
4080713000,4,1.0,1180.4195887852445,771.0729681622496,63.48850710594085,1.6666666666666667,0.0,107.86530213777752,0.20114337974391583,2192,1.0
4080712370,6,0.9999999999999997,1329.9623420937626,759.2652503747667,67.06846725268066,1.3333333333333333,0.16666666666666666,125.56370811140596,0.10512771383139341,2192,1.0
4080712380,4,1.0,1181.133427010214,684.0433320006329,61.58546376577579,1.0,0.0,118.22991916931072,0.1482016086261296,2192,1.0
4080712390,6,0.9999999999999978,1230.9465029329579,662.6840978192522,66.71774553500126,1.5,0.0,128.6394419065392,0.16502810552417999,2192,1.0
4080712400,6,0.9999999999999997,1133.931763467139,636.3633558104071,54.92903921120273,0.8333333333333334,0.0,111.09883925387878,0.15310711826817514,2192,1.0
4080693260,3,1.0,1278.8437139658877,585.0375162741926,73.0934648229081,1.8333333333333333,0.16666666666666666,135.00832700662068,0.0927576949308984,2192,1.0
4080693350,2,0.9999999999999991,1464.3575528609588,739.0515619662189,74.87643201008628,2.1666666666666665,0.16666666666666666,140.83386829305482,0.09740705443872112,2192,1.0
4080707380,8,1.0,1051.9170101140955,546.8614719313615,52.02429185746981,0.8333333333333334,0.0,102.56280587413733,0.16252016096864233,2192,1.0
4080707370,8,1.0,1247.6992345976207,598.7865460501772,65.82497736268142,1.3333333333333333,0.16666666666666666,127.55382348546088,0.10426114029180869,2192,1.0
4080674470,5,0.9999999999999992,1113.6857027289873,660.2908702369253,73.62776239987501,2.3333333333333335,0.16666666666666666,117.01721148902595,0.23093191390250192,2192,1.0
4080674480,6,0.9999999999999991,1356.3845821313246,882.6846902232023,88.79903531630816,4.5,0.3333333333333333,148.457542369298,0.3037421898426828,2192,1.0
4080682300,5,0.9999999999999991,1033.0786834540195,576.4945296567436,61.626454252927964,1.1666666666666667,0.0,105.08522766515591,0.21165310127479678,2192,1.0
4080682390,6,0.9999999999999997,816.6265631767291,361.4663281888839,52.9365722077494,0.8333333333333334,0.0,97.77296002049958,0.1158282347221732,2192,1.0
4080687140,8,1.0,924.2017086043778,402.6888902539276,57.640779395757185,0.6666666666666666,0.16666666666666666,98.63060462410108,0.09817576439738461,2192,1.0
4080687220,11,0.9999999999999994,947.4270745034213,424.81012661499517,59.20620838234481,0.6666666666666666,0.16666666666666666,97.29052977561297,0.1871780917398077,2192,1.0
4080719010,5,0.9999999999999999,477.8128541359991,146.1300981766583,39.638282399187126,0.3333333333333333,0.0,59.79016290419879,0.32361719696996094,2192,1.0
4080719160,6,1.0,759.898118401893,389.33949330276164,41.49228680314434,0.5,0.0,64.1688046780112,0.15108060335120357,2192,1.0
4080716280,4,1.0,519.7548560801374,213.613399453283,38.95189883408152,0.3333333333333333,0.0,56.790224378523384,0.2740373836599399,2192,1.0
4080716210,8,1.0,374.8689149422125,116.15192235589019,38.867575279861605,0.3333333333333333,0.0,55.14308178329539,0.338807983043844,2192,1.0
4080709980,4,0.9999999999999998,340.81979177718296,93.90000638171456,38.82423687976577,0.3333333333333333,0.0,55.22172903985845,0.35561654884154276,2192,1.0
4080702110,5,0.9989377544520294,358.0811944873778,103.19949628392611,38.370010511958135,0.16666666666666666,0.0,55.509908534024326,0.3383195702887968,2192,1.0
4080700700,8,1.0,568.7099350401905,237.985166383284,34.60432033619002,0.0,0.0,60.251222327624724,0.25601353494961815,2192,1.0
4080700090,4,1.0,433.94035246630034,149.9014564208479,33.819048066633805,0.16666666666666666,0.0,53.11109380099551,0.32461616236002516,2192,1.0
4080700100,5,0.9999999999999997,353.1684240274014,98.41121436224921,35.30018973050219,0.16666666666666666,0.0,53.71955360040831,0.35300864895426115,2192,1.0
4080696190,4,1.0,534.4768106790411,214.3302391883476,36.3503017690985,0.3333333333333333,0.0,56.52364209698135,0.315062789124605,2192,1.0
4080696060,4,0.9999999999999993,430.06716140836573,144.71079613778906,35.51335850022084,0.3333333333333333,0.0,53.33779824059443,0.33373206923532744,2192,1.0
4080693560,3,0.9999999999999994,864.9219972902457,424.22159770427726,47.80525459176132,0.6666666666666666,0.0,79.93087940169947,0.3625045556563147,2192,1.0
4080693270,6,1.0,729.648913885167,315.003072191859,50.48917790993582,0.5,0.0,74.63309805394006,0.30587551080466563,2192,1.0
4080683020,6,1.0,359.883896233323,100.07067007751884,36.55070169861011,0.3333333333333333,0.0,54.14986954612262,0.3565479841225614,2192,1.0
4080676410,7,1.0,751.9978125391211,314.8330647482363,57.15420927996356,0.6666666666666666,0.16666666666666666,84.15138935654856,0.24915072658575166,2192,1.0
