catchment_id,mean_elevation_m,min_elevation_m,max_elevation_m,elevation_std_m,relief_m,mean_slope_deg,slope_std_deg,max_slope_deg,valid_elevation_pixels
4080791290,1371.843505859375,339.0,2251.0,379.030517578125,1912.0,24.231842041015625,10.224763870239258,76.43267822265625,888794
4080787460,1340.546142578125,354.0,2201.0,405.97314453125,1847.0,24.488183975219727,10.900969505310059,75.13695526123047,453760
4080783510,1308.1898193359375,423.0,2474.0,424.56005859375,2051.0,28.202266693115234,10.79146957397461,74.62470245361328,278322
4080781070,1768.427490234375,486.0,5724.0,735.862060546875,5238.0,28.549314498901367,11.992597579956055,79.5914077758789,1631569
4080781160,1325.403564453125,506.0,2250.0,324.0924072265625,1744.0,25.20534896850586,9.308945655822754,74.1318130493164,580000
4080781060,1350.2303466796875,507.0,2352.0,397.0321044921875,1845.0,27.095243453979492,10.714685440063477,73.87214660644531,383094
4080778310,1307.7264404296875,514.0,2469.0,378.4610900878906,1955.0,26.630754470825195,11.504250526428223,76.11559295654297,396798
4080775470,1402.0748291015625,675.0,2410.0,303.7573547363281,1735.0,25.443754196166992,10.327534675598145,73.53499603271484,411178
4080775270,1464.6744384765625,673.0,2349.0,262.7735900878906,1676.0,23.580705642700195,10.347926139831543,72.76353454589844,214586
4080773280,3770.379638671875,605.0,7082.0,1358.0716552734375,6477.0,32.388282775878906,13.241888999938965,82.21560668945312,2732456
4080770760,1544.56005859375,870.0,2586.0,320.361328125,1716.0,21.038909912109375,9.33949089050293,65.40999603271484,459808
4080770600,1794.02685546875,871.0,4401.0,520.3128662109375,3530.0,27.639568328857422,11.301989555358887,79.4111328125,941508
4080767020,4328.97900390625,1125.0,6974.0,998.3878784179688,5849.0,32.74397659301758,13.605653762817383,81.98779296875,2121144
4080766840,4333.28125,1137.0,6764.0,978.0967407226562,5627.0,32.532989501953125,13.957720756530762,84.08021545410156,1651555
4080814580,285.83856201171875,160.0,1453.0,197.80873107910156,1293.0,4.687422275543213,7.391809940338135,72.60040283203125,885557
4080804620,295.91082763671875,186.0,1188.0,172.2504425048828,1002.0,6.154715061187744,8.384220123291016,70.76081085205078,922922
4080804490,675.7315673828125,186.0,2138.0,462.73529052734375,1952.0,15.237890243530273,13.425929069519043,74.38982391357422,589991
4080808090,343.2154235839844,174.0,2401.0,296.3970031738281,2227.0,5.2727227210998535,7.894345760345459,74.9195785522461,1264159
4080808820,936.8049926757812,167.0,2613.0,702.3533325195312,2446.0,15.46258544921875,14.074972152709961,74.20477294921875,1344623
4080802310,277.6347351074219,188.0,1040.0,110.82308197021484,852.0,3.4323389530181885,4.5862836837768555,55.04803466796875,1089299
4080789870,863.1893310546875,244.0,2612.0,586.8873291015625,2368.0,14.48914909362793,12.823063850402832,72.54998016357422,359280
4080789760,1268.641357421875,243.0,2631.0,527.9008178710938,2388.0,22.23119354248047,11.557461738586426,75.62937927246094,1236855
4080788380,753.899169921875,215.0,2513.0,453.8439025878906,2298.0,16.508317947387695,12.148454666137695,73.97576141357422,2498117
4080782560,319.0895690917969,211.0,919.0,125.87081146240234,708.0,4.261035442352295,5.729111194610596,67.1396255493164,2429208
4080773750,590.1057739257812,226.0,1699.0,346.0497131347656,1473.0,12.818971633911133,12.379711151123047,68.43587493896484,474781
4080773550,397.1002197265625,232.0,1348.0,166.27581787109375,1116.0,8.296546936035156,8.702691078186035,65.3861312866211,627563
4080779840,1590.9659423828125,1045.0,2733.0,251.96670532226562,1688.0,20.686098098754883,9.04001522064209,73.13764190673828,553854
4080779850,1652.51611328125,1042.0,2359.0,235.07623291015625,1317.0,21.023181915283203,8.125286102294922,71.51097869873047,473902
4080775260,1598.6915283203125,762.0,3092.0,449.2657165527344,2330.0,24.164108276367188,9.994572639465332,77.94921875,1371610
4080775570,1386.035888671875,767.0,2757.0,296.04052734375,1990.0,20.436813354492188,8.799236297607422,71.8619613647461,621570
4080764450,750.5639038085938,307.0,2119.0,333.3208923339844,1812.0,19.650352478027344,12.687007904052734,72.43994903564453,372682
4080764440,901.9957885742188,310.0,2764.0,500.4522399902344,2454.0,13.921321868896484,13.626897811889648,78.59349822998047,1273469
4080761600,1094.9930419921875,359.0,1960.0,301.32171630859375,1601.0,27.34401512145996,10.038558959960938,74.89812469482422,338082
4080761090,1403.1419677734375,367.0,2658.0,418.1364440917969,2291.0,28.740657806396484,10.183358192443848,74.86888885498047,310019
4080761100,1055.054443359375,337.0,2258.0,384.0491638183594,1921.0,31.528345108032227,10.625624656677246,79.49518585205078,330941
4080763250,1604.73291015625,423.0,3086.0,445.71514892578125,2663.0,26.5316219329834,9.476234436035156,75.69379425048828,2332270
4080763140,1280.898193359375,412.0,2193.0,364.2488098144531,1781.0,26.956974029541016,9.933305740356445,71.0455322265625,232503
4080760950,1262.72412109375,440.0,2355.0,368.8443908691406,1915.0,27.163137435913086,9.408707618713379,75.34386444091797,434786
4080760960,1291.2529296875,445.0,2835.0,432.36370849609375,2390.0,27.585792541503906,10.067341804504395,77.9729232788086,989810
4080753850,1331.39990234375,609.0,2485.0,413.8297424316406,1876.0,26.543733596801758,10.328465461730957,74.41221618652344,160162
4080753860,2610.480712890625,628.0,6572.0,1185.11328125,5944.0,28.51350212097168,11.230829238891602,78.49693298339844,1803048
4080750990,2993.888916015625,688.0,6591.0,1292.4703369140625,5903.0,30.118824005126953,11.765315055847168,86.38941955566406,3311604
4080750840,1930.9986572265625,716.0,3295.0,414.23663330078125,2579.0,28.422569274902344,9.649667739868164,72.01039123535156,320302
4080756710,1494.25537109375,610.0,2961.0,501.0572814941406,2351.0,29.492895126342773,10.622881889343262,78.37604522705078,369616
4080756600,2732.574951171875,619.0,7035.0,1188.7420654296875,6416.0,29.932321548461914,12.000774383544922,79.70514678955078,2023738
4080757540,2722.152099609375,751.0,6821.0,1165.5001220703125,6070.0,30.658498764038086,11.585733413696289,79.78340911865234,2302078
4080757300,2620.950439453125,744.0,6870.0,1004.6187133789062,6126.0,31.264978408813477,12.11061954498291,82.05862426757812,2212114
4080748120,4493.267578125,1359.0,7801.0,1080.4034423828125,6442.0,32.90436935424805,14.693511962890625,81.85659790039062,1851962
4080748000,4793.29296875,1493.0,7692.0,931.3660888671875,6199.0,30.33292007446289,15.995989799499512,81.31587982177734,1915670
4080733850,4739.07177734375,2687.0,6700.0,694.148681640625,4013.0,32.18032455444336,13.768152236938477,78.53136444091797,591222
4080733950,5160.94140625,2637.0,7064.0,721.3870239257812,4427.0,30.656768798828125,16.378999710083008,82.42489624023438,1090767
4080730560,5368.75537109375,3571.0,6873.0,485.8630676269531,3302.0,26.53911018371582,12.789929389953613,78.56538391113281,755270
4080730450,4972.59326171875,3577.0,6088.0,418.6218566894531,2511.0,26.704761505126953,11.016486167907715,78.27110290527344,867185
4080744060,5042.744140625,2898.0,7447.0,691.524658203125,4549.0,29.341846466064453,14.58236312866211,80.32852172851562,899182
4080744070,4803.46044921875,2882.0,6509.0,561.5674438476562,3627.0,29.549474716186523,13.270493507385254,81.07615661621094,958102
4080752220,583.8084106445312,368.0,1336.0,197.15634155273438,968.0,10.699053764343262,9.208417892456055,62.96946334838867,327724
4080752230,474.888671875,363.0,959.0,95.09062194824219,596.0,7.608335971832275,7.875675201416016,62.94629669189453,62935
4080751750,715.1709594726562,387.0,2201.0,301.8804626464844,1814.0,8.352751731872559,9.41359806060791,70.44546508789062,824933
4080751530,551.1878662109375,399.0,1648.0,167.64796447753906,1249.0,6.7119832038879395,7.786654472351074,65.9839096069336,160074
4080751460,1685.5479736328125,400.0,3623.0,547.8681640625,3223.0,26.382076263427734,10.240495681762695,79.9004898071289,3195581
4080749670,2062.777099609375,461.0,6271.0,836.9338989257812,5810.0,28.590038299560547,10.661101341247559,84.59648895263672,2867197
4080749550,1809.3258056640625,462.0,3622.0,559.3395385742188,3160.0,30.120132446289062,10.071887016296387,79.53681945800781,2088210
4080736390,3285.84521484375,929.0,6325.0,1154.5037841796875,5396.0,30.489866256713867,12.26610279083252,80.07662963867188,2424325
4080736160,2681.61474609375,945.0,5164.0,764.6817626953125,4219.0,27.832685470581055,10.311272621154785,79.3673095703125,1760405
4080700890,424.0054016113281,243.0,1004.0,119.26142120361328,761.0,6.590023517608643,5.601997375488281,58.98078918457031,1293393
4080700790,836.2513427734375,245.0,2961.0,571.126953125,2716.0,14.097929954528809,11.92342758178711,76.81861114501953,1019665
4080705470,506.1991882324219,400.0,945.0,118.27388763427734,545.0,7.027708053588867,6.6369500160217285,53.025787353515625,108231
4080705290,1061.7288818359375,395.0,4571.0,835.4629516601562,4176.0,15.38552474975586,13.52757453918457,78.32875061035156,1633153
4080705590,800.3109741210938,405.0,4421.0,414.368896484375,4016.0,12.45259952545166,9.61524772644043,77.42819213867188,2835427
4080705480,1212.1650390625,399.0,4910.0,917.691650390625,4511.0,16.024818420410156,13.465615272521973,76.71591186523438,914683
4080726630,498.0002136230469,306.0,1014.0,121.84967041015625,708.0,6.574615478515625,5.94845724105835,58.46095275878906,1618165
4080726490,566.6983032226562,304.0,1324.0,165.93972778320312,1020.0,12.198229789733887,10.646929740905762,73.15504455566406,748894
4080685940,1380.357666015625,732.0,2723.0,439.7816467285156,1991.0,27.13167953491211,11.326494216918945,73.80098724365234,161980
4080685860,2658.617919921875,721.0,5496.0,919.194580078125,4775.0,31.982276916503906,11.087395668029785,80.77843475341797,2084882
4080687440,2436.355224609375,811.0,4880.0,783.1783447265625,4069.0,34.48020553588867,11.040816307067871,78.41704559326172,795915
4080687450,2311.765625,837.0,4508.0,733.7586059570312,3671.0,32.697898864746094,10.599958419799805,77.9651870727539,328351
4080707240,1698.2037353515625,573.0,4547.0,878.5574951171875,3974.0,22.566184997558594,14.049886703491211,76.93235778808594,524106
4080707450,1190.0499267578125,564.0,3093.0,371.67144775390625,2529.0,21.811237335205078,10.258769035339355,76.95780944824219,1040204
4080724980,807.232666015625,471.0,1868.0,192.50115966796875,1397.0,11.939523696899414,8.214111328125,69.38365173339844,1046257
4080725310,1147.850830078125,466.0,2247.0,290.8282470703125,1781.0,20.450063705444336,9.214188575744629,73.49515533447266,967023
4080725320,2305.735107421875,431.0,5819.0,1157.0760498046875,5388.0,29.60466957092285,11.983636856079102,80.53501892089844,6489780
4080689840,2432.83056640625,1370.0,4048.0,563.9718627929688,2678.0,36.22297286987305,10.666888236999512,75.7541275024414,89140
4080689700,3780.49755859375,1369.0,6001.0,879.5952758789062,4632.0,34.66379928588867,12.301545143127441,88.07868194580078,1079152
4080692440,3587.328125,1621.0,5979.0,821.2833862304688,4358.0,34.615577697753906,12.4448823928833,83.33094787597656,816144
4080692490,3400.216064453125,1685.0,4778.0,695.3978881835938,3093.0,34.815853118896484,12.530558586120605,78.28348541259766,148989
4080713000,1160.5350341796875,742.0,2814.0,340.92852783203125,2072.0,17.748218536376953,10.750299453735352,71.72712707519531,532154
4080712370,2706.52001953125,803.0,5175.0,980.8890380859375,4372.0,31.778039932250977,10.793784141540527,79.0687484741211,937028
4080712380,1954.378662109375,781.0,3346.0,558.0818481445312,2565.0,28.150571823120117,10.928628921508789,77.34293365478516,855950
4080712390,2218.545654296875,959.0,5034.0,835.556884765625,4075.0,31.723329544067383,13.077436447143555,76.7361068725586,434569
4080712400,3194.207763671875,951.0,5818.0,1035.2940673828125,4867.0,31.7083683013916,12.194693565368652,78.45317840576172,1763692
4080693260,4550.3876953125,2684.0,5877.0,543.4257202148438,3193.0,32.35118865966797,15.06820297241211,77.59478759765625,316758
4080693350,4088.48095703125,2365.0,5254.0,593.1038208007812,2889.0,30.111330032348633,12.25648021697998,76.15933227539062,291476
4080707380,4153.7060546875,1092.0,6570.0,1097.080322265625,5478.0,29.390920639038086,14.260546684265137,80.89167785644531,2176560
4080707370,3135.60498046875,1094.0,6002.0,991.1795654296875,4908.0,30.01491928100586,12.405191421508789,81.58466339111328,1757297
4080674470,3939.4287109375,2147.0,6226.0,797.1876831054688,4079.0,36.05486297607422,12.66963005065918,85.08934783935547,816118
4080674480,4397.9814453125,2203.0,6372.0,694.0321044921875,4169.0,30.66991424560547,13.610001564025879,80.44442749023438,836965
4080682300,4735.60546875,2583.0,6277.0,628.3934936523438,3694.0,29.364097595214844,15.105263710021973,85.68987274169922,1215018
4080682390,4294.5517578125,2592.0,6115.0,742.4059448242188,3523.0,33.03475570678711,13.274648666381836,82.1558837890625,1015568
4080687140,4829.97314453125,2850.0,6417.0,606.8419189453125,3567.0,28.208730697631836,13.729962348937988,80.01832580566406,2083296
4080687220,4824.9892578125,2841.0,6568.0,658.4027709960938,3727.0,26.986276626586914,14.721610069274902,83.1427993774414,3028059
4080719010,3785.028076171875,1778.0,6397.0,948.2671508789062,4619.0,32.351646423339844,12.514808654785156,86.899658203125,604320
4080719160,4589.7431640625,1801.0,6428.0,778.5553588867188,4627.0,29.004318237304688,14.005572319030762,81.40869140625,1358021
4080716280,4747.474609375,2231.0,6415.0,658.7413940429688,4184.0,32.71736526489258,13.107295036315918,84.12648010253906,885403
4080716210,4449.5830078125,2234.0,6497.0,804.8036499023438,4263.0,31.53685188293457,11.201591491699219,80.53571319580078,2243223
4080709980,4378.63916015625,2469.0,6557.0,881.7774047851562,4088.0,28.751150131225586,11.720443725585938,78.90098571777344,735334
4080702110,4621.28564453125,3045.0,6515.0,691.1731567382812,3470.0,30.620019912719727,11.861515998840332,84.04374694824219,1244783
4080700700,4847.85205078125,3447.0,6436.0,527.7821655273438,2989.0,28.853836059570312,12.813777923583984,87.77418518066406,1543856
4080700090,4449.7275390625,3449.0,5824.0,520.739990234375,2375.0,26.806167602539062,12.940531730651855,77.15029907226562,292389
4080700100,5098.2724609375,3481.0,6595.0,525.964111328125,3114.0,29.3405704498291,12.403480529785156,81.93602752685547,1279742
4080696190,5008.09033203125,3602.0,6230.0,529.2640380859375,2628.0,30.157257080078125,11.898139953613281,80.76210021972656,284133
4080696060,4817.521484375,3591.0,6264.0,582.0360717773438,2673.0,26.290699005126953,13.257975578308105,77.10738372802734,562952
4080693560,5158.580078125,3728.0,6279.0,502.04052734375,2551.0,30.13457489013672,12.496459007263184,78.65115356445312,407031
4080693270,4975.47705078125,3731.0,6224.0,512.42919921875,2493.0,27.56905746459961,12.8823823928833,82.093994140625,931400
4080683020,5283.220703125,4342.0,6593.0,386.75775146484375,2251.0,25.903541564941406,12.57508373260498,81.84717559814453,1435451
4080676410,5170.75390625,4202.0,6179.0,350.4754943847656,1977.0,27.08931541442871,12.098810195922852,81.45433044433594,1354423
